Año;Trimestre;Provincia;Mbps (Media de bajada);Trimestre proximo
2022;4;Buenos Aires;111.0;111.0
2022;4;Capital Federal;182.86;182.86
2022;4;Catamarca;83.33;83.33
2022;4;Chaco;104.02;104.02
2022;4;Chubut;15.92;15.92
2022;4;Córdoba;108.77;108.77
2022;4;Corrientes;94.72;94.72
2022;4;Entre Ríos;87.47;87.47
2022;4;Formosa;72.03;72.03
2022;4;Jujuy;39.32;39.32
2022;4;La Pampa;19.1;19.1
2022;4;La Rioja;61.0;61.0
2022;4;Mendoza;38.76;38.76
2022;4;Misiones;91.24;91.24
2022;4;Neuquén;95.37;95.37
2022;4;Río Negro;75.31;75.31
2022;4;Salta;75.93;75.93
2022;4;San Juan;16.39;16.39
2022;4;San Luis;30.67;30.67
2022;4;Santa Cruz;14.33;14.33
2022;4;Santa Fe;90.3;90.3
2022;4;Santiago Del Estero;34.4;34.4
2022;4;Tierra Del Fuego;13.48;13.48
2022;4;Tucumán;88.33;88.33
2022;3;Buenos Aires;70.19;111.0
2022;3;Capital Federal;101.05;182.86
2022;3;Catamarca;60.99;83.33
2022;3;Chaco;53.21;104.02
2022;3;Chubut;15.57;15.92
2022;3;Córdoba;56.32;108.77
2022;3;Corrientes;45.07;94.72
2022;3;Entre Ríos;42.49;87.47
2022;3;Formosa;30.35;72.03
2022;3;Jujuy;32.43;39.32
2022;3;La Pampa;18.1;19.1
2022;3;La Rioja;44.3;61.0
2022;3;Mendoza;34.16;38.76
2022;3;Misiones;49.3;91.24
2022;3;Neuquén;47.81;95.37
2022;3;Río Negro;34.13;75.31
2022;3;Salta;41.33;75.93
2022;3;San Juan;15.84;16.39
2022;3;San Luis;19.33;30.67
2022;3;Santa Cruz;12.6;14.33
2022;3;Santa Fe;45.15;90.3
2022;3;Santiago Del Estero;17.69;34.4
2022;3;Tierra Del Fuego;11.01;13.48
2022;3;Tucumán;53.36;88.33
2022;2;Buenos Aires;65.5;70.19
2022;2;Capital Federal;93.97;101.05
2022;2;Catamarca;56.56;60.99
2022;2;Chaco;50.61;53.21
2022;2;Chubut;14.91;15.57
2022;2;Córdoba;53.51;56.32
2022;2;Corrientes;43.31;45.07
2022;2;Entre Ríos;40.03;42.49
2022;2;Formosa;28.47;30.35
2022;2;Jujuy;29.39;32.43
2022;2;La Pampa;16.07;18.1
2022;2;La Rioja;43.28;44.3
2022;2;Mendoza;29.72;34.16
2022;2;Misiones;46.23;49.3
2022;2;Neuquén;46.53;47.81
2022;2;Río Negro;33.26;34.13
2022;2;Salta;38.77;41.33
2022;2;San Juan;14.44;15.84
2022;2;San Luis;19.32;19.33
2022;2;Santa Cruz;11.81;12.6
2022;2;Santa Fe;42.01;45.15
2022;2;Santiago Del Estero;16.34;17.69
2022;2;Tierra Del Fuego;10.97;11.01
2022;2;Tucumán;50.09;53.36
2022;1;Buenos Aires;62.51;65.5
2022;1;Capital Federal;88.22;93.97
2022;1;Catamarca;51.22;56.56
2022;1;Chaco;45.84;50.61
2022;1;Chubut;13.4;14.91
2022;1;Córdoba;49.89;53.51
2022;1;Corrientes;38.11;43.31
2022;1;Entre Ríos;35.59;40.03
2022;1;Formosa;30.28;28.47
2022;1;Jujuy;27.69;29.39
2022;1;La Pampa;14.84;16.07
2022;1;La Rioja;41.37;43.28
2022;1;Mendoza;26.2;29.72
2022;1;Misiones;41.87;46.23
2022;1;Neuquén;43.05;46.53
2022;1;Río Negro;31.09;33.26
2022;1;Salta;36.71;38.77
2022;1;San Juan;11.99;14.44
2022;1;San Luis;20.95;19.32
2022;1;Santa Cruz;10.89;11.81
2022;1;Santa Fe;38.89;42.01
2022;1;Santiago Del Estero;14.5;16.34
2022;1;Tierra Del Fuego;10.73;10.97
2022;1;Tucumán;47.24;50.09
2021;4;Buenos Aires;60.2091238315554;62.51
2021;4;Capital Federal;82.94995496542248;88.22
2021;4;Catamarca;46.380057758939095;51.22
2021;4;Chaco;42.342637514688604;45.84
2021;4;Chubut;9.082660638555467;13.4
2021;4;Córdoba;46.36090745799214;49.89
2021;4;Corrientes;35.772659194287044;38.11
2021;4;Entre Ríos;33.31712584167462;35.59
2021;4;Formosa;28.75764894769421;30.28
2021;4;Jujuy;27.144343038417077;27.69
2021;4;La Pampa;13.853882842854395;14.84
2021;4;La Rioja;39.69594513667998;41.37
2021;4;Mendoza;22.23158340100516;26.2
2021;4;Misiones;38.903349250907574;41.87
2021;4;Neuquén;40.092530111167584;43.05
2021;4;Río Negro;27.20317045489215;31.09
2021;4;Salta;33.940639744985226;36.71
2021;4;San Juan;11.052749308157779;11.99
2021;4;San Luis;20.90972444801464;20.95
2021;4;Santa Cruz;8.990650984477549;10.89
2021;4;Santa Fe;36.024023837275145;38.89
2021;4;Santiago Del Estero;13.84088684951507;14.5
2021;4;Tierra Del Fuego;10.696704944050465;10.73
2021;4;Tucumán;45.14812243339947;47.24
2021;3;Buenos Aires;56.25755092469591;60.2091238315554
2021;3;Capital Federal;77.71207106907312;82.94995496542248
2021;3;Catamarca;43.43333599763174;46.380057758939095
2021;3;Chaco;39.113135809207584;42.342637514688604
2021;3;Chubut;8.176860363136605;9.082660638555467
2021;3;Córdoba;41.92778724566202;46.36090745799214
2021;3;Corrientes;32.16890082785829;35.772659194287044
2021;3;Entre Ríos;29.60123187949277;33.31712584167462
2021;3;Formosa;26.689426784946654;28.75764894769421
2021;3;Jujuy;25.980702520297545;27.144343038417077
2021;3;La Pampa;12.99161507240359;13.853882842854395
2021;3;La Rioja;38.86795185445044;39.69594513667998
2021;3;Mendoza;13.365156173184467;22.23158340100516
2021;3;Misiones;30.87871831426499;38.903349250907574
2021;3;Neuquén;38.34222315428742;40.092530111167584
2021;3;Río Negro;25.400065197148727;27.20317045489215
2021;3;Salta;31.209681857038827;33.940639744985226
2021;3;San Juan;7.041300820394967;11.052749308157779
2021;3;San Luis;21.69870707116376;20.90972444801464
2021;3;Santa Cruz;7.692326941812981;8.990650984477549
2021;3;Santa Fe;33.13229624738131;36.024023837275145
2021;3;Santiago Del Estero;13.352723533519553;13.84088684951507
2021;3;Tierra Del Fuego;9.52;10.696704944050465
2021;3;Tucumán;42.10118530571482;45.14812243339947
2021;2;Buenos Aires;52.75542937003713;56.25755092469591
2021;2;Capital Federal;72.74675003231476;77.71207106907312
2021;2;Catamarca;42.18506376779111;43.43333599763174
2021;2;Chaco;37.396909596222066;39.113135809207584
2021;2;Chubut;7.67690621713348;8.176860363136605
2021;2;Córdoba;39.59011648994794;41.92778724566202
2021;2;Corrientes;30.368054802005656;32.16890082785829
2021;2;Entre Ríos;27.61897306203556;29.60123187949277
2021;2;Formosa;23.96630452806761;26.689426784946654
2021;2;Jujuy;25.812477856862227;25.980702520297545
2021;2;La Pampa;12.27922373804818;12.99161507240359
2021;2;La Rioja;38.534894383007746;38.86795185445044
2021;2;Mendoza;13.465987205003026;13.365156173184467
2021;2;Misiones;28.682221735396933;30.87871831426499
2021;2;Neuquén;36.10972145846688;38.34222315428742
2021;2;Río Negro;23.748446681442676;25.400065197148727
2021;2;Salta;29.239354220742428;31.209681857038827
2021;2;San Juan;6.993162601626016;7.041300820394967
2021;2;San Luis;21.66188998963924;21.69870707116376
2021;2;Santa Cruz;7.629667005202396;7.692326941812981
2021;2;Santa Fe;30.7018831645519;33.13229624738131
2021;2;Santiago Del Estero;12.718797838683303;13.352723533519553
2021;2;Tierra Del Fuego;8.591921426483484;9.52
2021;2;Tucumán;40.30992032851357;42.10118530571482
2021;1;Buenos Aires;50.78565608506508;52.75542937003713
2021;1;Capital Federal;68.29026886796898;72.74675003231476
2021;1;Catamarca;39.96652623965282;42.18506376779111
2021;1;Chaco;33.6262012999863;37.396909596222066
2021;1;Chubut;7.531527409144197;7.67690621713348
2021;1;Córdoba;36.168799328437636;39.59011648994794
2021;1;Corrientes;25.985171359720066;30.368054802005656
2021;1;Entre Ríos;23.871334373183572;27.61897306203556
2021;1;Formosa;20.980327506975218;23.96630452806761
2021;1;Jujuy;26.777362312404005;25.812477856862227
2021;1;La Pampa;10.728511929531797;12.27922373804818
2021;1;La Rioja;12.697554732181876;38.534894383007746
2021;1;Mendoza;12.599361245254226;13.465987205003026
2021;1;Misiones;25.076826126081443;28.682221735396933
2021;1;Neuquén;34.23850264753642;36.10972145846688
2021;1;Río Negro;21.923906760830956;23.748446681442676
2021;1;Salta;27.31884069404982;29.239354220742428
2021;1;San Juan;6.910089995382067;6.993162601626016
2021;1;San Luis;21.594379804710776;21.66188998963924
2021;1;Santa Cruz;7.501531847531764;7.629667005202396
2021;1;Santa Fe;28.130630073152936;30.7018831645519
2021;1;Santiago Del Estero;11.584174516498134;12.718797838683303
2021;1;Tierra Del Fuego;8.734752396277898;8.591921426483484
2021;1;Tucumán;37.97961958190828;40.30992032851357
2020;4;Buenos Aires;50.008380839635755;50.78565608506508
2020;4;Capital Federal;67.32513676879374;68.29026886796898
2020;4;Catamarca;37.6500877273544;39.96652623965282
2020;4;Chaco;32.45204676418101;33.6262012999863
2020;4;Chubut;7.383087626414736;7.531527409144197
2020;4;Córdoba;35.120601241883946;36.168799328437636
2020;4;Corrientes;25.446700896630592;25.985171359720066
2020;4;Entre Ríos;24.05327825306045;23.871334373183572
2020;4;Formosa;19.6983490087788;20.980327506975218
2020;4;Jujuy;25.20639328416149;26.777362312404005
2020;4;La Pampa;9.875605170860927;10.728511929531797
2020;4;La Rioja;12.534655980598345;12.697554732181876
2020;4;Mendoza;11.093171319457166;12.599361245254226
2020;4;Misiones;24.956617779680364;25.076826126081443
2020;4;Neuquén;33.90786486677393;34.23850264753642
2020;4;Río Negro;21.636719189849995;21.923906760830956
2020;4;Salta;25.322439650744734;27.31884069404982
2020;4;San Juan;6.412867397953183;6.910089995382067
2020;4;San Luis;21.252954082189127;21.594379804710776
2020;4;Santa Cruz;7.492108628119051;7.501531847531764
2020;4;Santa Fe;27.294352446215623;28.130630073152936
2020;4;Santiago Del Estero;11.280765527511996;11.584174516498134
2020;4;Tierra Del Fuego;8.486806949337868;8.734752396277898
2020;4;Tucumán;36.442246829152964;37.97961958190828
2020;3;Buenos Aires;48.37662390811511;50.008380839635755
2020;3;Capital Federal;63.80852025607172;67.32513676879374
2020;3;Catamarca;36.540436607329845;37.6500877273544
2020;3;Chaco;30.802726948564217;32.45204676418101
2020;3;Chubut;7.402074441844787;7.383087626414736
2020;3;Córdoba;33.51119497419789;35.120601241883946
2020;3;Corrientes;23.851523971242955;25.446700896630592
2020;3;Entre Ríos;22.432598646206184;24.05327825306045
2020;3;Formosa;18.282832069430402;19.6983490087788
2020;3;Jujuy;21.910419686869954;25.20639328416149
2020;3;La Pampa;10.697630905402091;9.875605170860927
2020;3;La Rioja;12.194703767058197;12.534655980598345
2020;3;Mendoza;10.18749103459563;11.093171319457166
2020;3;Misiones;24.141761872521517;24.956617779680364
2020;3;Neuquén;31.46090402703376;33.90786486677393
2020;3;Río Negro;21.077778703258762;21.636719189849995
2020;3;Salta;25.261155924027737;25.322439650744734
2020;3;San Juan;6.027864793582682;6.412867397953183
2020;3;San Luis;20.84992813378867;21.252954082189127
2020;3;Santa Cruz;6.649363712026633;7.492108628119051
2020;3;Santa Fe;25.690941341268072;27.294352446215623
2020;3;Santiago Del Estero;10.879017270659741;11.280765527511996
2020;3;Tierra Del Fuego;8.506676055475614;8.486806949337868
2020;3;Tucumán;34.835801698615526;36.442246829152964
2020;2;Buenos Aires;45.66197363212277;48.37662390811511
2020;2;Capital Federal;60.4844973584038;63.80852025607172
2020;2;Catamarca;34.92595642857143;36.540436607329845
2020;2;Chaco;27.952284674364286;30.802726948564217
2020;2;Chubut;7.605487984559083;7.402074441844787
2020;2;Córdoba;30.987577637139466;33.51119497419789
2020;2;Corrientes;22.15030606257576;23.851523971242955
2020;2;Entre Ríos;20.448621178442586;22.432598646206184
2020;2;Formosa;16.870258993114398;18.282832069430402
2020;2;Jujuy;15.864013631862552;21.910419686869954
2020;2;La Pampa;8.028862255598405;10.697630905402091
2020;2;La Rioja;11.669110961977259;12.194703767058197
2020;2;Mendoza;9.274562732094155;10.18749103459563
2020;2;Misiones;22.560122617583183;24.141761872521517
2020;2;Neuquén;29.100147623878513;31.46090402703376
2020;2;Río Negro;19.679596047283173;21.077778703258762
2020;2;Salta;22.55853618795662;25.261155924027737
2020;2;San Juan;6.308614963196474;6.027864793582682
2020;2;San Luis;21.02062693689071;20.84992813378867
2020;2;Santa Cruz;6.593202418178028;6.649363712026633
2020;2;Santa Fe;23.925791608984095;25.690941341268072
2020;2;Santiago Del Estero;10.411619106122004;10.879017270659741
2020;2;Tierra Del Fuego;8.128329395457266;8.506676055475614
2020;2;Tucumán;32.70453443718797;34.835801698615526
2020;1;Buenos Aires;45.18128807375552;45.66197363212277
2020;1;Capital Federal;58.70568296242247;60.4844973584038
2020;1;Catamarca;29.132225012939607;34.92595642857143
2020;1;Chaco;25.942049334121737;27.952284674364286
2020;1;Chubut;7.117047781865397;7.605487984559083
2020;1;Córdoba;29.394787835061326;30.987577637139466
2020;1;Corrientes;20.538999274943325;22.15030606257576
2020;1;Entre Ríos;19.029765335057498;20.448621178442586
2020;1;Formosa;15.697352607415109;16.870258993114398
2020;1;Jujuy;14.14492205715465;15.864013631862552
2020;1;La Pampa;7.291757720474826;8.028862255598405
2020;1;La Rioja;7.962418947150687;11.669110961977259
2020;1;Mendoza;8.440867710216997;9.274562732094155
2020;1;Misiones;22.148213068436263;22.560122617583183
2020;1;Neuquén;27.76828207897622;29.100147623878513
2020;1;Río Negro;19.06030056406124;19.679596047283173
2020;1;Salta;21.425047243902736;22.55853618795662
2020;1;San Juan;6.036984591484099;6.308614963196474
2020;1;San Luis;20.989379744282658;21.02062693689071
2020;1;Santa Cruz;6.417170627364028;6.593202418178028
2020;1;Santa Fe;22.42405677003625;23.925791608984095
2020;1;Santiago Del Estero;10.00053908049476;10.411619106122004
2020;1;Tierra Del Fuego;7.410865837696335;8.128329395457266
2020;1;Tucumán;32.24553094303289;32.70453443718797
2019;4;Buenos Aires;30.769694141005864;45.18128807375552
2019;4;Capital Federal;44.203178670085876;58.70568296242247
2019;4;Catamarca;24.878307670462615;29.132225012939607
2019;4;Chaco;23.37495080016229;25.942049334121737
2019;4;Chubut;6.994113523445059;7.117047781865397
2019;4;Córdoba;26.16228061451293;29.394787835061326
2019;4;Corrientes;19.255411607971407;20.538999274943325
2019;4;Entre Ríos;17.007580897657125;19.029765335057498
2019;4;Formosa;14.525629551519327;15.697352607415109
2019;4;Jujuy;12.959200042804211;14.14492205715465
2019;4;La Pampa;6.526152195693043;7.291757720474826
2019;4;La Rioja;8.000880364029628;7.962418947150687
2019;4;Mendoza;7.785200889987086;8.440867710216997
2019;4;Misiones;20.32034743574273;22.148213068436263
2019;4;Neuquén;26.01988431478295;27.76828207897622
2019;4;Río Negro;17.17699897385603;19.06030056406124
2019;4;Salta;19.08357302283381;21.425047243902736
2019;4;San Juan;6.040171698468491;6.036984591484099
2019;4;San Luis;20.690353422143115;20.989379744282658
2019;4;Santa Cruz;5.207925064069708;6.417170627364028
2019;4;Santa Fe;20.54719701980728;22.42405677003625
2019;4;Santiago Del Estero;9.792201844355846;10.00053908049476
2019;4;Tierra Del Fuego;7.27;7.410865837696335
2019;4;Tucumán;29.87038932431276;32.24553094303289
2019;3;Buenos Aires;25.679380143834067;30.769694141005864
2019;3;Capital Federal;38.71410056071139;44.203178670085876
2019;3;Catamarca;9.293407429459826;24.878307670462615
2019;3;Chaco;19.994668122685404;23.37495080016229
2019;3;Chubut;6.966323588474291;6.994113523445059
2019;3;Córdoba;23.193402364939846;26.16228061451293
2019;3;Corrientes;16.69992255090861;19.255411607971407
2019;3;Entre Ríos;14.69513286650061;17.007580897657125
2019;3;Formosa;13.22353748406198;14.525629551519327
2019;3;Jujuy;11.968240929924347;12.959200042804211
2019;3;La Pampa;5.719666464891041;6.526152195693043
2019;3;La Rioja;8.002375296912113;8.000880364029628
2019;3;Mendoza;6.10822854552147;7.785200889987086
2019;3;Misiones;17.931522461372833;20.32034743574273
2019;3;Neuquén;23.74841515996666;26.01988431478295
2019;3;Río Negro;15.983718503999242;17.17699897385603
2019;3;Salta;14.746465244455523;19.08357302283381
2019;3;San Juan;6.038229508650902;6.040171698468491
2019;3;San Luis;19.743826982349614;20.690353422143115
2019;3;Santa Cruz;5.017746940956451;5.207925064069708
2019;3;Santa Fe;18.165529686687883;20.54719701980728
2019;3;Santiago Del Estero;9.389413131426359;9.792201844355846
2019;3;Tierra Del Fuego;6.690701380143412;7.27
2019;3;Tucumán;19.323994794580525;29.87038932431276
2019;2;Buenos Aires;22.480046018557395;25.679380143834067
2019;2;Capital Federal;30.346259857091994;38.71410056071139
2019;2;Catamarca;8.81;9.293407429459826
2019;2;Chaco;16.01024333099657;19.994668122685404
2019;2;Chubut;6.054406893543786;6.966323588474291
2019;2;Córdoba;18.43151783191278;23.193402364939846
2019;2;Corrientes;13.833035083816176;16.69992255090861
2019;2;Entre Ríos;12.193357817950574;14.69513286650061
2019;2;Formosa;10.836611219480826;13.22353748406198
2019;2;Jujuy;12.073382280507326;11.968240929924347
2019;2;La Pampa;5.492288321417966;5.719666464891041
2019;2;La Rioja;7.894163486005089;8.002375296912113
2019;2;Mendoza;6.02629690452623;6.10822854552147
2019;2;Misiones;14.50130254739236;17.931522461372833
2019;2;Neuquén;17.242865250195976;23.74841515996666
2019;2;Río Negro;11.628050204319907;15.983718503999242
2019;2;Salta;12.548748750601563;14.746465244455523
2019;2;San Juan;6.118522013069041;6.038229508650902
2019;2;San Luis;19.875972848399364;19.743826982349614
2019;2;Santa Cruz;6.008047317560813;5.017746940956451
2019;2;Santa Fe;15.074549058890282;18.165529686687883
2019;2;Santiago Del Estero;7.103112882966522;9.389413131426359
2019;2;Tierra Del Fuego;6.34;6.690701380143412
2019;2;Tucumán;18.529317885920335;19.323994794580525
2019;1;Buenos Aires;19.643958224230506;22.480046018557395
2019;1;Capital Federal;24.715063293849774;30.346259857091994
2019;1;Catamarca;7.964005155271879;8.81
2019;1;Chaco;13.444236269077935;16.01024333099657
2019;1;Chubut;5.891730569196159;6.054406893543786
2019;1;Córdoba;15.73486422864591;18.43151783191278
2019;1;Corrientes;12.049695550812029;13.833035083816176
2019;1;Entre Ríos;10.659197328953976;12.193357817950574
2019;1;Formosa;9.825089957835713;10.836611219480826
2019;1;Jujuy;8.560464217465055;12.073382280507326
2019;1;La Pampa;5.057861842867403;5.492288321417966
2019;1;La Rioja;7.092792286992043;7.894163486005089
2019;1;Mendoza;5.742764175317399;6.02629690452623
2019;1;Misiones;12.512773459683503;14.50130254739236
2019;1;Neuquén;15.884653263915219;17.242865250195976
2019;1;Río Negro;10.488420648136287;11.628050204319907
2019;1;Salta;10.377100013969459;12.548748750601563
2019;1;San Juan;5.839263189429536;6.118522013069041
2019;1;San Luis;8.708555188754593;19.875972848399364
2019;1;Santa Cruz;5.779992970397563;6.008047317560813
2019;1;Santa Fe;12.986963477266004;15.074549058890282
2019;1;Santiago Del Estero;6.415070737969083;7.103112882966522
2019;1;Tierra Del Fuego;6.341101450612301;6.34
2019;1;Tucumán;16.573299964579572;18.529317885920335
2018;4;Buenos Aires;16.934363010150058;19.643958224230506
2018;4;Capital Federal;22.93530199223472;24.715063293849774
2018;4;Catamarca;8.043920202659912;7.964005155271879
2018;4;Chaco;13.492083570210347;13.444236269077935
2018;4;Chubut;6.085223903684034;5.891730569196159
2018;4;Córdoba;15.813667433629776;15.73486422864591
2018;4;Corrientes;12.138923393387724;12.049695550812029
2018;4;Entre Ríos;11.023282490376955;10.659197328953976
2018;4;Formosa;9.816893711913803;9.825089957835713
2018;4;Jujuy;8.562737601752614;8.560464217465055
2018;4;La Pampa;4.319094957943483;5.057861842867403
2018;4;La Rioja;7.0933821251548945;7.092792286992043
2018;4;Mendoza;5.746675102434321;5.742764175317399
2018;4;Misiones;12.495112674155788;12.512773459683503
2018;4;Neuquén;15.89123364607043;15.884653263915219
2018;4;Río Negro;10.487005565275494;10.488420648136287
2018;4;Salta;10.45728408913591;10.377100013969459
2018;4;San Juan;5.715266539357845;5.839263189429536
2018;4;San Luis;8.818992791900516;8.708555188754593
2018;4;Santa Cruz;5.1195073647728675;5.779992970397563
2018;4;Santa Fe;13.179234899969483;12.986963477266004
2018;4;Santiago Del Estero;6.309255243851745;6.415070737969083
2018;4;Tierra Del Fuego;7.436562008214025;6.341101450612301
2018;4;Tucumán;16.58323444553027;16.573299964579572
2018;3;Buenos Aires;16.77973513236217;16.934363010150058
2018;3;Capital Federal;21.643368364061413;22.93530199223472
2018;3;Catamarca;7.806521941530631;8.043920202659912
2018;3;Chaco;12.89496189060927;13.492083570210347
2018;3;Chubut;6.076722322942862;6.085223903684034
2018;3;Córdoba;14.8182495375679;15.813667433629776
2018;3;Corrientes;11.493228365457123;12.138923393387724
2018;3;Entre Ríos;10.524753506287304;11.023282490376955
2018;3;Formosa;9.318495441068285;9.816893711913803
2018;3;Jujuy;7.669872151814152;8.562737601752614
2018;3;La Pampa;4.283048376167659;4.319094957943483
2018;3;La Rioja;6.156013225626096;7.0933821251548945
2018;3;Mendoza;5.786015677158131;5.746675102434321
2018;3;Misiones;12.487485758721087;12.495112674155788
2018;3;Neuquén;14.674244286624784;15.89123364607043
2018;3;Río Negro;10.06446008106754;10.487005565275494
2018;3;Salta;9.265848177562406;10.45728408913591
2018;3;San Juan;5.738204725877363;5.715266539357845
2018;3;San Luis;8.814987579354126;8.818992791900516
2018;3;Santa Cruz;5.369715716600383;5.1195073647728675
2018;3;Santa Fe;12.357326043488575;13.179234899969483
2018;3;Santiago Del Estero;5.779842512369051;6.309255243851745
2018;3;Tierra Del Fuego;5.98788374717833;7.436562008214025
2018;3;Tucumán;15.255950362488306;16.58323444553027
2018;2;Buenos Aires;14.679375512175804;16.77973513236217
2018;2;Capital Federal;18.93813458927817;21.643368364061413
2018;2;Catamarca;7.693096507452943;7.806521941530631
2018;2;Chaco;12.499460181995785;12.89496189060927
2018;2;Chubut;5.329857730598913;6.076722322942862
2018;2;Córdoba;13.876809406349514;14.8182495375679
2018;2;Corrientes;10.87765289559918;11.493228365457123
2018;2;Entre Ríos;10.186702751759963;10.524753506287304
2018;2;Formosa;8.974986530777175;9.318495441068285
2018;2;Jujuy;6.289345589213642;7.669872151814152
2018;2;La Pampa;4.098364171057469;4.283048376167659
2018;2;La Rioja;5.591861584368082;6.156013225626096
2018;2;Mendoza;5.880529663045039;5.786015677158131
2018;2;Misiones;11.759657402552001;12.487485758721087
2018;2;Neuquén;13.365011560107956;14.674244286624784
2018;2;Río Negro;9.509595114373948;10.06446008106754
2018;2;Salta;8.928271706442677;9.265848177562406
2018;2;San Juan;5.845597830692315;5.738204725877363
2018;2;San Luis;5.9005751848808545;8.814987579354126
2018;2;Santa Cruz;5.1892899508557875;5.369715716600383
2018;2;Santa Fe;11.74888462281756;12.357326043488575
2018;2;Santiago Del Estero;5.9110016469983835;5.779842512369051
2018;2;Tierra Del Fuego;5.942745057375916;5.98788374717833
2018;2;Tucumán;13.506545729627103;15.255950362488306
2018;1;Buenos Aires;14.198889644680946;14.679375512175804
2018;1;Capital Federal;17.74557730418008;18.93813458927817
2018;1;Catamarca;8.198860528714677;7.693096507452943
2018;1;Chaco;12.444064678644967;12.499460181995785
2018;1;Chubut;5.418637938827784;5.329857730598913
2018;1;Córdoba;12.790571217400485;13.876809406349514
2018;1;Corrientes;11.118502865253635;10.87765289559918
2018;1;Entre Ríos;9.875239366998759;10.186702751759963
2018;1;Formosa;11.056815367469506;8.974986530777175
2018;1;Jujuy;6.741185879384532;6.289345589213642
2018;1;La Pampa;3.995131352064104;4.098364171057469
2018;1;La Rioja;5.890820604111634;5.591861584368082
2018;1;Mendoza;5.881626969169374;5.880529663045039
2018;1;Misiones;12.082189465143012;11.759657402552001
2018;1;Neuquén;11.96045995607415;13.365011560107956
2018;1;Río Negro;8.976243194361576;9.509595114373948
2018;1;Salta;9.1894409821995;8.928271706442677
2018;1;San Juan;5.850581035549749;5.845597830692315
2018;1;San Luis;5.89436270457927;5.9005751848808545
2018;1;Santa Cruz;5.1892899508557875;5.1892899508557875
2018;1;Santa Fe;11.173305005746002;11.74888462281756
2018;1;Santiago Del Estero;6.248210722163038;5.9110016469983835
2018;1;Tierra Del Fuego;5.768082036032884;5.942745057375916
2018;1;Tucumán;9.355631684806106;13.506545729627103
2017;4;Buenos Aires;12.9720825438982;14.198889644680946
2017;4;Capital Federal;15.20221886916041;17.74557730418008
2017;4;Catamarca;7.78415435139573;8.198860528714677
2017;4;Chaco;11.702868121959403;12.444064678644967
2017;4;Chubut;5.408238076890145;5.418637938827784
2017;4;Córdoba;11.63658470115664;12.790571217400485
2017;4;Corrientes;10.384400430891967;11.118502865253635
2017;4;Entre Ríos;9.295960619999066;9.875239366998759
2017;4;Formosa;10.114170463766307;11.056815367469506
2017;4;Jujuy;6.638821273566491;6.741185879384532
2017;4;La Pampa;3.9758194449815036;3.995131352064104
2017;4;La Rioja;5.877588849506658;5.890820604111634
2017;4;Mendoza;5.71002586675844;5.881626969169374
2017;4;Misiones;11.324123723249613;12.082189465143012
2017;4;Neuquén;10.719151524540269;11.96045995607415
2017;4;Río Negro;8.045522324672751;8.976243194361576
2017;4;Salta;8.451742767775633;9.1894409821995
2017;4;San Juan;5.832260073010133;5.850581035549749
2017;4;San Luis;5.732208801354054;5.89436270457927
2017;4;Santa Cruz;5.206584828874508;5.1892899508557875
2017;4;Santa Fe;10.297494601847182;11.173305005746002
2017;4;Santiago Del Estero;6.165600214985038;6.248210722163038
2017;4;Tierra Del Fuego;5.203225704536838;5.768082036032884
2017;4;Tucumán;9.106021307187058;9.355631684806106
2017;3;Buenos Aires;8.425706211853651;12.9720825438982
2017;3;Capital Federal;10.635720274073307;15.20221886916041
2017;3;Catamarca;5.260018066713561;7.78415435139573
2017;3;Chaco;8.484871287555498;11.702868121959403
2017;3;Chubut;3.4783469156690874;5.408238076890145
2017;3;Córdoba;9.115572873049981;11.63658470115664
2017;3;Corrientes;7.447416428085263;10.384400430891967
2017;3;Entre Ríos;6.993400639349653;9.295960619999066
2017;3;Formosa;7.06882153411281;10.114170463766307
2017;3;Jujuy;4.689006725369201;6.638821273566491
2017;3;La Pampa;3.4381011143320657;3.9758194449815036
2017;3;La Rioja;5.010090208766659;5.877588849506658
2017;3;Mendoza;3.512962661663036;5.71002586675844
2017;3;Misiones;8.430383025286991;11.324123723249613
2017;3;Neuquén;8.16517738570226;10.719151524540269
2017;3;Río Negro;5.487278804673885;8.045522324672751
2017;3;Salta;6.133146206896552;8.451742767775633
2017;3;San Juan;3.4497842064911834;5.832260073010133
2017;3;San Luis;3.50338739319684;5.732208801354054
2017;3;Santa Cruz;3.610470505758638;5.206584828874508
2017;3;Santa Fe;7.792215148399743;10.297494601847182
2017;3;Santiago Del Estero;5.178558078335373;6.165600214985038
2017;3;Tierra Del Fuego;3.475358271865121;5.203225704536838
2017;3;Tucumán;6.3851768015553985;9.106021307187058
2017;2;Buenos Aires;7.198747751887984;8.425706211853651
2017;2;Capital Federal;8.843219830788254;10.635720274073307
2017;2;Catamarca;5.102182825899711;5.260018066713561
2017;2;Chaco;7.689213433544128;8.484871287555498
2017;2;Chubut;3.44726909222351;3.4783469156690874
2017;2;Córdoba;7.421321799076774;9.115572873049981
2017;2;Corrientes;6.7915804826070545;7.447416428085263
2017;2;Entre Ríos;6.287810106292773;6.993400639349653
2017;2;Formosa;6.1786533146404965;7.06882153411281
2017;2;Jujuy;4.541861878194008;4.689006725369201
2017;2;La Pampa;3.3182593614961053;3.4381011143320657
2017;2;La Rioja;5.53385510805501;5.010090208766659
2017;2;Mendoza;3.507255863215121;3.512962661663036
2017;2;Misiones;7.604338490520663;8.430383025286991
2017;2;Neuquén;6.700610698446883;8.16517738570226
2017;2;Río Negro;4.741350857381452;5.487278804673885
2017;2;Salta;5.756213134839845;6.133146206896552
2017;2;San Juan;3.4920338095238095;3.4497842064911834
2017;2;San Luis;3.502824149975052;3.50338739319684
2017;2;Santa Cruz;3.60311348968991;3.610470505758638
2017;2;Santa Fe;6.838749250446204;7.792215148399743
2017;2;Santiago Del Estero;5.05794740805446;5.178558078335373
2017;2;Tierra Del Fuego;3.476761467376085;3.475358271865121
2017;2;Tucumán;6.093280445624717;6.3851768015553985
2017;1;Buenos Aires;6.678482577091709;7.198747751887984
2017;1;Capital Federal;8.348147316695423;8.843219830788254
2017;1;Catamarca;4.973784837545127;5.102182825899711
2017;1;Chaco;7.307905398272823;7.689213433544128
2017;1;Chubut;3.4433862008733622;3.44726909222351
2017;1;Córdoba;6.799477637369997;7.421321799076774
2017;1;Corrientes;6.43297127701597;6.7915804826070545
2017;1;Entre Ríos;5.9514745757075245;6.287810106292773
2017;1;Formosa;5.742388931901572;6.1786533146404965
2017;1;Jujuy;4.393861259634748;4.541861878194008
2017;1;La Pampa;3.2208135842183347;3.3182593614961053
2017;1;La Rioja;5.427180473372781;5.53385510805501
2017;1;Mendoza;3.5072942051440963;3.507255863215121
2017;1;Misiones;7.341041988916319;7.604338490520663
2017;1;Neuquén;6.0348361444213925;6.700610698446883
2017;1;Río Negro;4.449448877971685;4.741350857381452
2017;1;Salta;5.335371217821875;5.756213134839845
2017;1;San Juan;3.492435161246428;3.4920338095238095
2017;1;San Luis;3.502824149975052;3.502824149975052
2017;1;Santa Cruz;3.591930075636318;3.60311348968991
2017;1;Santa Fe;6.284036486892411;6.838749250446204
2017;1;Santiago Del Estero;4.948965833284994;5.05794740805446
2017;1;Tierra Del Fuego;3.476761467376085;3.476761467376085
2017;1;Tucumán;5.8755073256955805;6.093280445624717
2016;4;Buenos Aires;6.3515464502603125;6.678482577091709
2016;4;Capital Federal;7.957596242752894;8.348147316695423
2016;4;Catamarca;4.885711305119858;4.973784837545127
2016;4;Chaco;7.077531005919823;7.307905398272823
2016;4;Chubut;3.4071912914448172;3.4433862008733622
2016;4;Córdoba;6.4667403639056085;6.799477637369997
2016;4;Corrientes;6.236245604077509;6.43297127701597
2016;4;Entre Ríos;5.807350829127614;5.9514745757075245
2016;4;Formosa;5.630674164916322;5.742388931901572
2016;4;Jujuy;4.323962745742035;4.393861259634748
2016;4;La Pampa;3.1895597297497957;3.2208135842183347
2016;4;La Rioja;5.3437624272142195;5.427180473372781
2016;4;Mendoza;3.5066034697453756;3.5072942051440963
2016;4;Misiones;7.1094758091013635;7.341041988916319
2016;4;Neuquén;5.678446306542373;6.0348361444213925
2016;4;Río Negro;4.369930463165329;4.449448877971685
2016;4;Salta;5.220883577846971;5.335371217821875
2016;4;San Juan;3.491135554044867;3.492435161246428
2016;4;San Luis;3.502824149975052;3.502824149975052
2016;4;Santa Cruz;3.5639164089588604;3.591930075636318
2016;4;Santa Fe;6.0402333289406664;6.284036486892411
2016;4;Santiago Del Estero;4.866794431448622;4.948965833284994
2016;4;Tierra Del Fuego;3.476761467376085;3.476761467376085
2016;4;Tucumán;5.7277669342021085;5.8755073256955805
2016;3;Buenos Aires;5.914918008163684;6.3515464502603125
2016;3;Capital Federal;7.380172699207805;7.957596242752894
2016;3;Catamarca;4.725241179958494;4.885711305119858
2016;3;Chaco;6.718220363245951;7.077531005919823
2016;3;Chubut;3.3438663279846357;3.4071912914448172
2016;3;Córdoba;6.068526923518407;6.4667403639056085
2016;3;Corrientes;5.958192561066714;6.236245604077509
2016;3;Entre Ríos;5.586427488329489;5.807350829127614
2016;3;Formosa;5.4161310069990956;5.630674164916322
2016;3;Jujuy;4.215291130909006;4.323962745742035
2016;3;La Pampa;3.1449984261882276;3.1895597297497957
2016;3;La Rioja;5.076731739002066;5.3437624272142195
2016;3;Mendoza;3.50729080145311;3.5066034697453756
2016;3;Misiones;6.741222269842242;7.1094758091013635
2016;3;Neuquén;5.292166864731292;5.678446306542373
2016;3;Río Negro;4.162924282482748;4.369930463165329
2016;3;Salta;5.052874436550483;5.220883577846971
2016;3;San Juan;3.4890674462877342;3.491135554044867
2016;3;San Luis;3.5030237740401673;3.502824149975052
2016;3;Santa Cruz;3.53583356483625;3.5639164089588604
2016;3;Santa Fe;5.6772637615647845;6.0402333289406664
2016;3;Santiago Del Estero;4.670123087013555;4.866794431448622
2016;3;Tierra Del Fuego;3.4765453774624797;3.476761467376085
2016;3;Tucumán;5.544683260191403;5.7277669342021085
2016;2;Buenos Aires;5.415144367004824;5.914918008163684
2016;2;Capital Federal;6.576218932459292;7.380172699207805
2016;2;Catamarca;4.3648359645166135;4.725241179958494
2016;2;Chaco;6.297357510958081;6.718220363245951
2016;2;Chubut;3.335973498985547;3.3438663279846357
2016;2;Córdoba;5.516912823002807;6.068526923518407
2016;2;Corrientes;5.601822569524247;5.958192561066714
2016;2;Entre Ríos;5.1311427833012475;5.586427488329489
2016;2;Formosa;5.104132195866278;5.4161310069990956
2016;2;Jujuy;3.843353043958065;4.215291130909006
2016;2;La Pampa;3.146067806525381;3.1449984261882276
2016;2;La Rioja;4.773843067001075;5.076731739002066
2016;2;Mendoza;3.500168567871608;3.50729080145311
2016;2;Misiones;6.233660566754793;6.741222269842242
2016;2;Neuquén;4.86640695565863;5.292166864731292
2016;2;Río Negro;3.976616411905147;4.162924282482748
2016;2;Salta;4.749378935322928;5.052874436550483
2016;2;San Juan;3.4883718294284334;3.4890674462877342
2016;2;San Luis;3.501983369175627;3.5030237740401673
2016;2;Santa Cruz;3.5021150276004565;3.53583356483625
2016;2;Santa Fe;5.1385985309185065;5.6772637615647845
2016;2;Santiago Del Estero;4.309815179590645;4.670123087013555
2016;2;Tierra Del Fuego;3.478692463211772;3.4765453774624797
2016;2;Tucumán;5.200979761760874;5.544683260191403
2016;1;Buenos Aires;4.9921684374839135;5.415144367004824
2016;1;Capital Federal;6.047403702811701;6.576218932459292
2016;1;Catamarca;4.203588449295134;4.3648359645166135
2016;1;Chaco;5.991472683208309;6.297357510958081
2016;1;Chubut;3.3796639330714164;3.335973498985547
2016;1;Córdoba;5.156801617049669;5.516912823002807
2016;1;Corrientes;5.37127911707625;5.601822569524247
2016;1;Entre Ríos;5.084574905605243;5.1311427833012475
2016;1;Formosa;4.872333380420963;5.104132195866278
2016;1;Jujuy;3.7712213425983374;3.843353043958065
2016;1;La Pampa;3.0476420362792593;3.146067806525381
2016;1;La Rioja;4.616973938050446;4.773843067001075
2016;1;Mendoza;3.5028689229788785;3.500168567871608
2016;1;Misiones;6.000968717380309;6.233660566754793
2016;1;Neuquén;4.420493149015266;4.86640695565863
2016;1;Río Negro;3.826659196828916;3.976616411905147
2016;1;Salta;4.741858784571524;4.749378935322928
2016;1;San Juan;3.485523490760477;3.4883718294284334
2016;1;San Luis;3.5029004392386534;3.501983369175627
2016;1;Santa Cruz;3.48315808971074;3.5021150276004565
2016;1;Santa Fe;4.898136028952046;5.1385985309185065
2016;1;Santiago Del Estero;4.174011564306923;4.309815179590645
2016;1;Tierra Del Fuego;3.475082632716791;3.478692463211772
2016;1;Tucumán;5.004036640679885;5.200979761760874
2015;4;Buenos Aires;4.884148905856541;4.9921684374839135
2015;4;Capital Federal;5.927803522979041;6.047403702811701
2015;4;Catamarca;4.124268369158702;4.203588449295134
2015;4;Chaco;5.828384180790961;5.991472683208309
2015;4;Chubut;3.283865031613298;3.3796639330714164
2015;4;Córdoba;5.0670814932684065;5.156801617049669
2015;4;Corrientes;5.259482120492081;5.37127911707625
2015;4;Entre Ríos;5.007855905299356;5.084574905605243
2015;4;Formosa;4.660308568580684;4.872333380420963
2015;4;Jujuy;3.7246804758922987;3.7712213425983374
2015;4;La Pampa;2.936747707229629;3.0476420362792593
2015;4;La Rioja;4.521671863926294;4.616973938050446
2015;4;Mendoza;3.5017779300891023;3.5028689229788785
2015;4;Misiones;5.9022914436487;6.000968717380309
2015;4;Neuquén;4.355592861552936;4.420493149015266
2015;4;Río Negro;3.768932299598505;3.826659196828916
2015;4;Salta;4.673467038141578;4.741858784571524
2015;4;San Juan;3.481604116955732;3.485523490760477
2015;4;San Luis;3.502937425860024;3.5029004392386534
2015;4;Santa Cruz;3.4809679619106126;3.48315808971074
2015;4;Santa Fe;4.809873774553555;4.898136028952046
2015;4;Santiago Del Estero;4.0941016914507635;4.174011564306923
2015;4;Tierra Del Fuego;3.4748248642417257;3.475082632716791
2015;4;Tucumán;4.882297946330778;5.004036640679885
2015;3;Buenos Aires;4.700597914270459;4.884148905856541
2015;3;Capital Federal;5.66468043459464;5.927803522979041
2015;3;Catamarca;3.884563872599747;4.124268369158702
2015;3;Chaco;5.46643296553986;5.828384180790961
2015;3;Chubut;3.2790384114749496;3.283865031613298
2015;3;Córdoba;4.867849001225086;5.0670814932684065
2015;3;Corrientes;5.063473816782213;5.259482120492081
2015;3;Entre Ríos;4.766712366729086;5.007855905299356
2015;3;Formosa;4.166164102194515;4.660308568580684
2015;3;Jujuy;3.532724551201011;3.7246804758922987
2015;3;La Pampa;2.9149322141427945;2.936747707229629
2015;3;La Rioja;4.245850575398008;4.521671863926294
2015;3;Mendoza;3.500160951021911;3.5017779300891023
2015;3;Misiones;5.634289050903693;5.9022914436487
2015;3;Neuquén;4.2299439848957405;4.355592861552936
2015;3;Río Negro;3.7368314562024914;3.768932299598505
2015;3;Salta;4.4218314129775615;4.673467038141578
2015;3;San Juan;3.4810928203738825;3.481604116955732
2015;3;San Luis;3.5027538715982556;3.502937425860024
2015;3;Santa Cruz;3.4806877443585873;3.4809679619106126
2015;3;Santa Fe;4.559895452402629;4.809873774553555
2015;3;Santiago Del Estero;3.911237321691457;4.0941016914507635
2015;3;Tierra Del Fuego;3.4777210569327157;3.4748248642417257
2015;3;Tucumán;4.572318667230303;4.882297946330778
2015;2;Buenos Aires;4.463495663548014;4.700597914270459
2015;2;Capital Federal;5.31214873823781;5.66468043459464
2015;2;Catamarca;3.6825082950385544;3.884563872599747
2015;2;Chaco;5.194771414259476;5.46643296553986
2015;2;Chubut;3.2165716474851154;3.2790384114749496
2015;2;Córdoba;4.557937666200854;4.867849001225086
2015;2;Corrientes;4.847197637993736;5.063473816782213
2015;2;Entre Ríos;4.55056996750087;4.766712366729086
2015;2;Formosa;3.7649156840276494;4.166164102194515
2015;2;Jujuy;3.4086788431460913;3.532724551201011
2015;2;La Pampa;2.8626566401062417;2.9149322141427945
2015;2;La Rioja;4.001551396208129;4.245850575398008
2015;2;Mendoza;3.4997241088624933;3.500160951021911
2015;2;Misiones;5.327562649676923;5.634289050903693
2015;2;Neuquén;4.059617737533036;4.2299439848957405
2015;2;Río Negro;3.666734448621427;3.7368314562024914
2015;2;Salta;4.218121645686839;4.4218314129775615
2015;2;San Juan;3.4789192890667078;3.4810928203738825
2015;2;San Luis;3.5027709531013613;3.5027538715982556
2015;2;Santa Cruz;3.47332349743749;3.4806877443585873
2015;2;Santa Fe;4.303196181656382;4.559895452402629
2015;2;Santiago Del Estero;3.728811295360471;3.911237321691457
2015;2;Tierra Del Fuego;3.4775158762886598;3.4777210569327157
2015;2;Tucumán;4.306812767469965;4.572318667230303
2015;1;Buenos Aires;4.323803709346771;4.463495663548014
2015;1;Capital Federal;4.999711683876372;5.31214873823781
2015;1;Catamarca;3.483603660962992;3.6825082950385544
2015;1;Chaco;4.899908797030372;5.194771414259476
2015;1;Chubut;3.2131565777597957;3.2165716474851154
2015;1;Córdoba;4.304279282006848;4.557937666200854
2015;1;Corrientes;4.628190221393157;4.847197637993736
2015;1;Entre Ríos;4.3467465057866335;4.55056996750087
2015;1;Formosa;3.3811501123595504;3.7649156840276494
2015;1;Jujuy;3.241902108598274;3.4086788431460913
2015;1;La Pampa;2.8340995102178685;2.8626566401062417
2015;1;La Rioja;3.7804021060364885;4.001551396208129
2015;1;Mendoza;3.499130670898351;3.4997241088624933
2015;1;Misiones;4.973004251321198;5.327562649676923
2015;1;Neuquén;3.9114916381985845;4.059617737533036
2015;1;Río Negro;3.585297088257377;3.666734448621427
2015;1;Salta;4.022777936163619;4.218121645686839
2015;1;San Juan;3.4769891700932414;3.4789192890667078
2015;1;San Luis;3.5009942704654264;3.5027709531013613
2015;1;Santa Cruz;3.474217030667377;3.47332349743749
2015;1;Santa Fe;4.063283068408137;4.303196181656382
2015;1;Santiago Del Estero;3.571104125126239;3.728811295360471
2015;1;Tierra Del Fuego;3.4538780857514078;3.4775158762886598
2015;1;Tucumán;4.071078040242438;4.306812767469965
2014;4;Buenos Aires;4.198943508236657;4.323803709346771
2014;4;Capital Federal;4.7817877112755625;4.999711683876372
2014;4;Catamarca;3.336005334797788;3.483603660962992
2014;4;Chaco;3.977400363306085;4.899908797030372
2014;4;Chubut;3.1746491581312557;3.2131565777597957
2014;4;Córdoba;4.092903062184572;4.304279282006848
2014;4;Corrientes;3.8061123116725004;4.628190221393157
2014;4;Entre Ríos;3.8000517871100685;4.3467465057866335
2014;4;Formosa;3.023326617826618;3.3811501123595504
2014;4;Jujuy;3.127642108190794;3.241902108598274
2014;4;La Pampa;2.754208730637699;2.8340995102178685
2014;4;La Rioja;3.582023899524448;3.7804021060364885
2014;4;Mendoza;3.498767768599914;3.499130670898351
2014;4;Misiones;4.025619961413459;4.973004251321198
2014;4;Neuquén;3.850772582597391;3.9114916381985845
2014;4;Río Negro;3.543129254254254;3.585297088257377
2014;4;Salta;3.862259431502549;4.022777936163619
2014;4;San Juan;3.4752201692281126;3.4769891700932414
2014;4;San Luis;3.503621206358865;3.5009942704654264
2014;4;Santa Cruz;3.3330261837139634;3.474217030667377
2014;4;Santa Fe;3.780707860716513;4.063283068408137
2014;4;Santiago Del Estero;3.4582244726597287;3.571104125126239
2014;4;Tierra Del Fuego;3.4747244698924056;3.4538780857514078
2014;4;Tucumán;3.8606123102449525;4.071078040242438
2014;3;Buenos Aires;3.969046991173242;4.198943508236657
2014;3;Capital Federal;4.437380943390075;4.7817877112755625
2014;3;Catamarca;2.915176175040519;3.336005334797788
2014;3;Chaco;3.461947812450996;3.977400363306085
2014;3;Chubut;3.165741790763976;3.1746491581312557
2014;3;Córdoba;3.6600622495599104;4.092903062184572
2014;3;Corrientes;3.410927776641118;3.8061123116725004
2014;3;Entre Ríos;3.3996079417526825;3.8000517871100685
2014;3;Formosa;2.6562830152303833;3.023326617826618
2014;3;Jujuy;2.9307053902518616;3.127642108190794
2014;3;La Pampa;2.816519545748315;2.754208730637699
2014;3;La Rioja;3.095178784641488;3.582023899524448
2014;3;Mendoza;3.5028531768490665;3.498767768599914
2014;3;Misiones;3.5775238575714927;4.025619961413459
2014;3;Neuquén;3.7429104879160966;3.850772582597391
2014;3;Río Negro;3.4799791702900404;3.543129254254254
2014;3;Salta;3.4109103624880306;3.862259431502549
2014;3;San Juan;3.473725985590389;3.4752201692281126
2014;3;San Luis;3.503113190184049;3.503621206358865
2014;3;Santa Cruz;3.3073222601557406;3.3330261837139634
2014;3;Santa Fe;3.375592912249111;3.780707860716513
2014;3;Santiago Del Estero;3.0995465103889184;3.4582244726597287
2014;3;Tierra Del Fuego;3.470981711419659;3.4747244698924056
2014;3;Tucumán;3.349897526769352;3.8606123102449525
2014;2;Buenos Aires;3.851862760043666;3.969046991173242
2014;2;Capital Federal;4.249991223638481;4.437380943390075
2014;2;Catamarca;2.915358424826804;2.915176175040519
2014;2;Chaco;3.4206301023631998;3.461947812450996
2014;2;Chubut;3.1564052528575886;3.165741790763976
2014;2;Córdoba;3.5567859606832632;3.6600622495599104
2014;2;Corrientes;3.3669705989802563;3.410927776641118
2014;2;Entre Ríos;3.312400309974538;3.3996079417526825
2014;2;Formosa;2.6523512500000006;2.6562830152303833
2014;2;Jujuy;2.7690316794782204;2.9307053902518616
2014;2;La Pampa;2.684576055426866;2.816519545748315
2014;2;La Rioja;3.095153343388638;3.095178784641488
2014;2;Mendoza;3.503033182060705;3.5028531768490665
2014;2;Misiones;3.540023885712756;3.5775238575714927
2014;2;Neuquén;3.6647043380451545;3.7429104879160966
2014;2;Río Negro;3.4286257504445143;3.4799791702900404
2014;2;Salta;3.391137751108792;3.4109103624880306
2014;2;San Juan;3.4724840645935795;3.473725985590389
2014;2;San Luis;3.5041044810417468;3.503113190184049
2014;2;Santa Cruz;3.3181516601634393;3.3073222601557406
2014;2;Santa Fe;3.3116910410979234;3.375592912249111
2014;2;Santiago Del Estero;3.0697509211495944;3.0995465103889184
2014;2;Tierra Del Fuego;3.470095986812908;3.470981711419659
2014;2;Tucumán;3.34994476711167;3.349897526769352
2014;1;Buenos Aires;3.7331327999829305;3.851862760043666
2014;1;Capital Federal;4.024081510870217;4.249991223638481
2014;1;Catamarca;2.8027344007923407;2.915358424826804
2014;1;Chaco;3.2558373037444444;3.4206301023631998
2014;1;Chubut;3.1759166751464583;3.1564052528575886
2014;1;Córdoba;3.3874045815248133;3.5567859606832632
2014;1;Corrientes;3.2186250823491607;3.3669705989802563
2014;1;Entre Ríos;3.1672900899827185;3.312400309974538
2014;1;Formosa;2.5737292109196757;2.6523512500000006
2014;1;Jujuy;2.690263349406857;2.7690316794782204
2014;1;La Pampa;2.64721042446136;2.684576055426866
2014;1;La Rioja;2.964740372987079;3.095153343388638
2014;1;Mendoza;3.5026805565551156;3.503033182060705
2014;1;Misiones;3.403126267679909;3.540023885712756
2014;1;Neuquén;3.5493016508254125;3.6647043380451545
2014;1;Río Negro;3.353796318189495;3.4286257504445143
2014;1;Salta;3.3009019792545207;3.391137751108792
2014;1;San Juan;3.4691384597491712;3.4724840645935795
2014;1;San Luis;3.5028153221310823;3.5041044810417468
2014;1;Santa Cruz;3.315991479820628;3.3181516601634393
2014;1;Santa Fe;3.1474068452786788;3.3116910410979234
2014;1;Santiago Del Estero;2.9494717214992052;3.0697509211495944
2014;1;Tierra Del Fuego;3.446887937323564;3.470095986812908
2014;1;Tucumán;3.208341823551126;3.34994476711167
